{
    "foreground_intensity_properties_per_channel": {
        "0": {
            "max": 2671.0,
            "mean": -300.278076171875,
            "median": -220.0,
            "min": -1024.0,
            "percentile_00_5": -1024.0,
            "percentile_99_5": 303.0,
            "std": 352.4483337402344
        }
    },
    "median_relative_size_after_cropping": 1.0,
    "shapes_after_crop": [
        [
            128,
            256,
            256
        ],
        [
            128,
            256,
            256
        ],
        [
            128,
            256,
            256
        ],
        [
            128,
            256,
            256
        ],
        [
            128,
            256,
            256
        ],
        [
            128,
            256,
            256
        ],
        [
            128,
            256,
            256
        ],
        [
            128,
            256,
            256
        ],
        [
            128,
            256,
            256
        ],
        [
            128,
            256,
            256
        ],
        [
            128,
            256,
            256
        ],
        [
            128,
            256,
            256
        ],
        [
            128,
            256,
            256
        ],
        [
            128,
            256,
            256
        ],
        [
            128,
            256,
            256
        ],
        [
            128,
            256,
            256
        ],
        [
            128,
            256,
            256
        ],
        [
            128,
            256,
            256
        ],
        [
            128,
            256,
            256
        ],
        [
            128,
            256,
            256
        ],
        [
            128,
            256,
            256
        ],
        [
            128,
            256,
            256
        ],
        [
            128,
            256,
            256
        ],
        [
            128,
            256,
            256
        ],
        [
            128,
            256,
            256
        ],
        [
            128,
            256,
            256
        ],
        [
            128,
            256,
            256
        ],
        [
            128,
            256,
            256
        ],
        [
            128,
            256,
            256
        ],
        [
            128,
            256,
            256
        ],
        [
            128,
            256,
            256
        ],
        [
            128,
            256,
            256
        ],
        [
            128,
            256,
            256
        ],
        [
            128,
            256,
            256
        ],
        [
            128,
            256,
            256
        ],
        [
            128,
            256,
            256
        ],
        [
            128,
            256,
            256
        ],
        [
            128,
            256,
            256
        ],
        [
            128,
            256,
            256
        ],
        [
            128,
            256,
            256
        ],
        [
            128,
            256,
            256
        ],
        [
            128,
            256,
            256
        ],
        [
            128,
            256,
            256
        ],
        [
            128,
            256,
            256
        ],
        [
            128,
            256,
            256
        ],
        [
            128,
            256,
            256
        ],
        [
            128,
            256,
            256
        ],
        [
            128,
            256,
            256
        ],
        [
            128,
            256,
            256
        ],
        [
            128,
            256,
            256
        ],
        [
            128,
            256,
            256
        ],
        [
            128,
            256,
            256
        ],
        [
            128,
            256,
            256
        ],
        [
            128,
            256,
            256
        ],
        [
            128,
            256,
            256
        ],
        [
            128,
            256,
            256
        ],
        [
            128,
            256,
            256
        ],
        [
            128,
            256,
            256
        ],
        [
            128,
            256,
            256
        ],
        [
            128,
            256,
            256
        ],
        [
            128,
            256,
            256
        ],
        [
            128,
            256,
            256
        ],
        [
            128,
            256,
            256
        ],
        [
            128,
            256,
            256
        ],
        [
            128,
            256,
            256
        ],
        [
            128,
            256,
            256
        ],
        [
            128,
            256,
            256
        ],
        [
            128,
            256,
            256
        ],
        [
            128,
            256,
            256
        ],
        [
            128,
            256,
            256
        ]
    ],